{"cameraMode":{"drawMode":0,"name":"Shaded","section":"Shading Mode"},"sceneLighting":false,"audioPlay":false,"sceneViewState":{"showFog":true,"showMaterialUpdate":false,"showSkybox":false,"showFlares":true,"showImageEffects":true,"showParticleSystems":true},"in2DMode":false,"pivot":{"x":2.5500566959381105,"y":4.473810195922852,"z":-0.3947991132736206},"rotation":{"x":-0.06270778924226761,"y":0.8905820250511169,"z":-0.12942007184028626,"w":-0.4315188527107239},"size":0.8660253882408142,"orthographic":false}